,2014-08-01 00:00:00,40.729,-73.9422,B02598
0,2014-08-01 00:00:00,40.7476,-73.9871,B02598
1,2014-08-01 00:00:00,40.7424,-74.0044,B02598
2,2014-08-01 00:00:00,40.751,-73.9869,B02598
3,2014-08-01 00:00:00,40.7406,-73.9902,B02598
4,2014-08-01 00:00:00,40.6994,-73.9591,B02617
5,2014-08-01 00:00:00,40.6917,-73.9398,B02617
6,2014-08-01 00:00:00,40.7063,-73.9223,B02617
7,2014-08-01 00:00:00,40.6759,-74.0168,B02617
8,2014-08-01 00:00:00,40.7617,-73.9847,B02617
9,2014-08-01 00:00:00,40.6969,-73.9064,B02617
10,2014-08-01 00:00:00,40.7623,-73.9751,B02617
11,2014-08-01 00:00:00,40.6982,-73.9669,B02617
12,2014-08-01 00:00:00,40.7553,-73.9253,B02617
13,2014-08-01 00:00:00,40.7325,-73.9876,B02682
14,2014-08-01 00:00:00,40.6754,-74.017,B02682
15,2014-08-01 00:00:00,40.7303,-74.0029,B02682
16,2014-08-01 00:00:00,40.7218,-73.9973,B02682
17,2014-08-01 00:00:00,40.7134,-74.0091,B02682
18,2014-08-01 00:00:00,40.7194,-73.9964,B02682
19,2014-08-01 00:00:00,40.762,-73.983,B02682
20,2014-08-01 00:00:00,40.3495,-74.0667,B02682
21,2014-08-01 00:00:00,40.3495,-74.0667,B02682
22,2014-08-01 00:01:00,40.6906,-73.9933,B02598
23,2014-08-01 00:01:00,40.7052,-74.0094,B02598
24,2014-08-01 00:01:00,40.7108,-73.9679,B02598
25,2014-08-01 00:01:00,40.7403,-74.0081,B02598
26,2014-08-01 00:01:00,40.7073,-74.0054,B02598
27,2014-08-01 00:01:00,40.7686,-73.9697,B02598
28,2014-08-01 00:01:00,40.7468,-74.0024,B02617
29,2014-08-01 00:01:00,40.7341,-73.98899999999999,B02617
30,2014-08-01 00:01:00,40.742,-74.0041,B02617
31,2014-08-01 00:01:00,40.7633,-73.9891,B02617
32,2014-08-01 00:01:00,40.6447,-73.782,B02617
33,2014-08-01 00:01:00,40.7484,-73.9845,B02682
34,2014-08-01 00:01:00,40.7752,-73.9634,B02682
35,2014-08-01 00:01:00,40.6718,-73.9522,B02682
36,2014-08-01 00:01:00,40.7552,-73.9724,B02682
37,2014-08-01 00:02:00,40.705,-73.9204,B02598
38,2014-08-01 00:02:00,40.6453,-73.7803,B02598
39,2014-08-01 00:02:00,40.7407,-74.0077,B02598
40,2014-08-01 00:02:00,40.7036,-73.9895,B02598
41,2014-08-01 00:02:00,40.8656,-73.9274,B02598
42,2014-08-01 00:02:00,40.7199,-74.0055,B02598
43,2014-08-01 00:02:00,40.6123,-73.956,B02598
44,2014-08-01 00:02:00,40.759,-73.9682,B02598
45,2014-08-01 00:02:00,40.7236,-73.9913,B02617
46,2014-08-01 00:02:00,40.7151,-73.9666,B02682
47,2014-08-01 00:02:00,40.7642,-73.9103,B02682
48,2014-08-01 00:03:00,40.7366,-73.9906,B02512
49,2014-08-01 00:03:00,40.7524,-73.9858,B02598
50,2014-08-01 00:03:00,40.6863,-74.0011,B02598
51,2014-08-01 00:03:00,40.6969,-73.9064,B02598
52,2014-08-01 00:03:00,40.779,-73.9565,B02598
53,2014-08-01 00:03:00,40.6748,-73.9815,B02598
54,2014-08-01 00:03:00,40.7231,-73.8529,B02598
55,2014-08-01 00:03:00,40.7423,-74.0042,B02598
56,2014-08-01 00:03:00,40.7488,-73.9868,B02617
57,2014-08-01 00:03:00,40.7331,-73.9598,B02617
58,2014-08-01 00:03:00,40.7133,-73.9414,B02617
59,2014-08-01 00:03:00,40.6701,-73.9899,B02617
60,2014-08-01 00:03:00,40.7574,-73.9668,B02617
61,2014-08-01 00:03:00,40.7364,-74.0301,B02617
62,2014-08-01 00:03:00,40.7605,-73.9757,B02682
63,2014-08-01 00:03:00,40.7405,-74.0057,B02682
64,2014-08-01 00:03:00,40.742,-73.9851,B02682
65,2014-08-01 00:03:00,40.7255,-74.0061,B02682
66,2014-08-01 00:03:00,40.8215,-73.9448,B02682
67,2014-08-01 00:04:00,40.7325,-74.0036,B02598
68,2014-08-01 00:04:00,40.7213,-73.9946,B02598
69,2014-08-01 00:04:00,40.7272,-73.9917,B02598
70,2014-08-01 00:04:00,40.6818,-73.9665,B02598
71,2014-08-01 00:04:00,40.753,-73.9787,B02598
72,2014-08-01 00:04:00,40.7644,-73.9555,B02617
73,2014-08-01 00:04:00,40.7359,-73.98,B02617
74,2014-08-01 00:04:00,40.7047,-73.9349,B02617
75,2014-08-01 00:04:00,40.7279,-74.0059,B02617
76,2014-08-01 00:04:00,40.7279,-74.0059,B02617
77,2014-08-01 00:04:00,40.7271,-73.9915,B02617
78,2014-08-01 00:04:00,40.7209,-73.9977,B02682
79,2014-08-01 00:04:00,40.7398,-74.0062,B02764
80,2014-08-01 00:05:00,40.7247,-73.9957,B02598
81,2014-08-01 00:05:00,40.7192,-73.96300000000001,B02598
82,2014-08-01 00:05:00,40.7193,-74.0104,B02617
83,2014-08-01 00:05:00,40.7352,-73.9921,B02617
84,2014-08-01 00:05:00,40.7613,-73.9905,B02617
85,2014-08-01 00:05:00,40.7524,-73.9933,B02617
86,2014-08-01 00:05:00,40.6834,-73.9966,B02682
87,2014-08-01 00:06:00,40.7138,-73.9942,B02598
88,2014-08-01 00:06:00,40.747,-73.9935,B02598
89,2014-08-01 00:06:00,40.7185,-73.9892,B02598
90,2014-08-01 00:06:00,40.7226,-74.0034,B02598
91,2014-08-01 00:06:00,40.7304,-74.0001,B02598
92,2014-08-01 00:06:00,40.7304,-74.0001,B02598
93,2014-08-01 00:06:00,40.7138,-73.9941,B02598
94,2014-08-01 00:06:00,40.7069,-73.9505,B02598
95,2014-08-01 00:06:00,40.733000000000004,-73.9875,B02598
96,2014-08-01 00:06:00,40.7577,-73.9619,B02617
97,2014-08-01 00:06:00,40.7625,-73.9805,B02617
98,2014-08-01 00:06:00,40.7556,-73.9871,B02617
99,2014-08-01 00:06:00,40.7489,-73.9777,B02617
100,2014-08-01 00:06:00,40.6457,-73.7767,B02617
101,2014-08-01 00:06:00,40.7063,-74.0095,B02617
102,2014-08-01 00:06:00,40.7638,-73.9589,B02617
103,2014-08-01 00:06:00,40.7268,-73.9474,B02617
104,2014-08-01 00:06:00,40.7672,-73.953,B02617
105,2014-08-01 00:06:00,40.6483,-73.7825,B02617
106,2014-08-01 00:06:00,40.7267,-73.9997,B02617
107,2014-08-01 00:06:00,40.8321,-73.944,B02682
108,2014-08-01 00:06:00,40.7309,-74.0014,B02682
109,2014-08-01 00:06:00,40.7573,-73.9896,B02682
110,2014-08-01 00:06:00,40.7573,-73.9896,B02682
111,2014-08-01 00:07:00,40.7608,-73.9834,B02598
112,2014-08-01 00:07:00,40.7405,-74.0077,B02598
113,2014-08-01 00:07:00,40.7136,-74.0101,B02598
114,2014-08-01 00:07:00,40.7952,-73.9634,B02598
115,2014-08-01 00:07:00,40.7215,-73.9877,B02617
116,2014-08-01 00:07:00,40.7478,-74.0047,B02617
117,2014-08-01 00:07:00,40.7326,-73.9969,B02682
118,2014-08-01 00:07:00,40.8115,-73.9544,B02682
119,2014-08-01 00:08:00,40.7259,-73.9897,B02598
120,2014-08-01 00:08:00,40.7485,-73.9887,B02598
121,2014-08-01 00:08:00,40.6373,-73.9786,B02598
122,2014-08-01 00:08:00,40.7421,-74.0046,B02617
123,2014-08-01 00:08:00,40.7218,-73.9792,B02617
124,2014-08-01 00:08:00,40.7646,-73.9832,B02617
125,2014-08-01 00:08:00,40.7339,-73.991,B02617
126,2014-08-01 00:08:00,40.6484,-73.7823,B02617
127,2014-08-01 00:08:00,40.7356,-74.0083,B02617
128,2014-08-01 00:08:00,41.0019,-74.0405,B02617
129,2014-08-01 00:08:00,40.7577,-73.9715,B02617
130,2014-08-01 00:08:00,40.7235,-73.8501,B02682
131,2014-08-01 00:08:00,40.7414,-73.9865,B02682
132,2014-08-01 00:08:00,40.7406,-74.0086,B02682
133,2014-08-01 00:08:00,40.8004,-73.9519,B02682
134,2014-08-01 00:08:00,40.7322,-73.9847,B02682
135,2014-08-01 00:09:00,40.726,-73.9918,B02512
136,2014-08-01 00:09:00,40.7113,-73.9465,B02598
137,2014-08-01 00:09:00,40.7406,-74.0056,B02598
138,2014-08-01 00:09:00,40.7447,-73.9808,B02598
139,2014-08-01 00:09:00,40.7308,-73.983,B02598
140,2014-08-01 00:09:00,40.6829,-73.9767,B02617
141,2014-08-01 00:09:00,40.7265,-73.9833,B02617
142,2014-08-01 00:09:00,40.7132,-73.9585,B02617
143,2014-08-01 00:09:00,40.8029,-73.9654,B02682
144,2014-08-01 00:10:00,40.7633,-73.9737,B02598
145,2014-08-01 00:10:00,40.705999999999996,-74.0085,B02598
146,2014-08-01 00:10:00,40.7311,-73.9594,B02598
147,2014-08-01 00:10:00,40.7137,-74.0088,B02598
148,2014-08-01 00:10:00,40.7187,-73.9402,B02617
149,2014-08-01 00:10:00,40.7125,-74.0079,B02617
150,2014-08-01 00:10:00,40.7676,-73.9174,B02617
151,2014-08-01 00:10:00,40.7115,-73.9669,B02617
152,2014-08-01 00:10:00,40.7094,-74.0139,B02682
153,2014-08-01 00:10:00,40.7492,-73.9833,B02682
154,2014-08-01 00:10:00,40.7741,-73.9132,B02682
155,2014-08-01 00:10:00,40.7107,-73.9365,B02764
156,2014-08-01 00:11:00,40.718,-73.99600000000001,B02598
157,2014-08-01 00:11:00,40.722,-74.0042,B02598
158,2014-08-01 00:11:00,40.7432,-73.98,B02598
159,2014-08-01 00:11:00,40.7036,-73.9348,B02598
160,2014-08-01 00:11:00,40.7311,-73.9594,B02617
161,2014-08-01 00:11:00,40.7141,-73.9494,B02617
162,2014-08-01 00:11:00,40.7559,-73.9689,B02617
163,2014-08-01 00:11:00,40.7479,-73.9853,B02617
164,2014-08-01 00:11:00,40.8465,-74.0866,B02617
165,2014-08-01 00:11:00,40.7386,-74.0097,B02617
166,2014-08-01 00:11:00,40.7444,-73.9804,B02617
167,2014-08-01 00:11:00,40.6905,-73.9588,B02682
168,2014-08-01 00:11:00,40.7515,-74.0032,B02682
169,2014-08-01 00:11:00,40.7499,-73.9521,B02682
170,2014-08-01 00:11:00,40.7211,-73.9879,B02682
171,2014-08-01 00:11:00,40.7672,-73.9821,B02682
172,2014-08-01 00:11:00,40.7263,-74.0022,B02682
173,2014-08-01 00:12:00,40.7209,-74.0507,B02512
174,2014-08-01 00:12:00,40.7387,-73.9856,B02512
175,2014-08-01 00:12:00,40.7323,-74.0077,B02512
176,2014-08-01 00:12:00,40.7184,-73.9901,B02598
177,2014-08-01 00:12:00,40.6713,-73.9568,B02598
178,2014-08-01 00:12:00,40.7198,-74.0058,B02598
179,2014-08-01 00:12:00,40.7105,-74.0093,B02598
180,2014-08-01 00:12:00,40.8193,-73.9451,B02617
181,2014-08-01 00:12:00,40.7527,-73.9409,B02617
182,2014-08-01 00:12:00,40.7211,-73.9879,B02617
183,2014-08-01 00:12:00,40.7475,-74.0082,B02617
184,2014-08-01 00:12:00,40.7475,-74.0082,B02617
185,2014-08-01 00:12:00,40.7385,-73.9853,B02682
186,2014-08-01 00:12:00,40.7558,-73.9646,B02682
187,2014-08-01 00:12:00,40.7578,-73.9734,B02682
188,2014-08-01 00:12:00,40.7452,-73.9922,B02682
189,2014-08-01 00:13:00,40.7349,-74.0033,B02512
190,2014-08-01 00:13:00,40.6437,-73.7897,B02598
191,2014-08-01 00:13:00,40.7226,-73.9799,B02598
192,2014-08-01 00:13:00,40.7178,-74.003,B02617
193,2014-08-01 00:13:00,40.7573,-73.9669,B02617
194,2014-08-01 00:13:00,40.7165,-73.9658,B02617
195,2014-08-01 00:13:00,40.7615,-73.9235,B02682
196,2014-08-01 00:13:00,40.6751,-73.9682,B02682
197,2014-08-01 00:13:00,40.7421,-73.9855,B02682
198,2014-08-01 00:13:00,41.0281,-73.7209,B02682
199,2014-08-01 00:13:00,40.7421,-74.00399999999999,B02682
200,2014-08-01 00:13:00,40.8072,-73.946,B02682
201,2014-08-01 00:13:00,40.734,-73.9992,B02682
202,2014-08-01 00:14:00,40.7274,-73.9915,B02598
203,2014-08-01 00:14:00,40.7757,-73.9549,B02598
204,2014-08-01 00:14:00,40.7188,-73.9397,B02617
205,2014-08-01 00:14:00,40.7343,-74.0029,B02617
206,2014-08-01 00:14:00,40.7616,-73.9257,B02617
207,2014-08-01 00:14:00,40.7431,-74.0042,B02617
208,2014-08-01 00:14:00,40.766,-73.9695,B02617
209,2014-08-01 00:14:00,40.7346,-74.0007,B02682
210,2014-08-01 00:14:00,40.7885,-73.9769,B02682
211,2014-08-01 00:14:00,40.7643,-73.9828,B02682
212,2014-08-01 00:14:00,40.7134,-73.9621,B02682
213,2014-08-01 00:14:00,40.7557,-73.9807,B02682
214,2014-08-01 00:14:00,40.7525,-73.9388,B02682
215,2014-08-01 00:15:00,40.7279,-73.9542,B02512
216,2014-08-01 00:15:00,40.7655,-73.9821,B02598
217,2014-08-01 00:15:00,40.7111,-74.0054,B02598
218,2014-08-01 00:15:00,40.7221,-74.0041,B02598
219,2014-08-01 00:15:00,40.7395,-73.9899,B02598
220,2014-08-01 00:15:00,40.745,-73.9882,B02598
221,2014-08-01 00:15:00,40.7535,-73.9721,B02598
222,2014-08-01 00:15:00,40.7223,-73.9887,B02598
223,2014-08-01 00:15:00,40.7477,-73.9871,B02617
224,2014-08-01 00:15:00,40.6993,-73.9107,B02617
225,2014-08-01 00:15:00,40.6938,-73.9873,B02617
226,2014-08-01 00:15:00,40.709,-74.0021,B02617
227,2014-08-01 00:15:00,40.7223,-73.95,B02617
228,2014-08-01 00:15:00,40.7237,-73.9821,B02617
229,2014-08-01 00:15:00,40.7562,-73.9942,B02617
230,2014-08-01 00:15:00,40.7405,-74.0064,B02617
231,2014-08-01 00:15:00,40.7405,-74.0064,B02617
232,2014-08-01 00:15:00,40.744,-73.9892,B02617
233,2014-08-01 00:15:00,40.8548,-73.9358,B02682
234,2014-08-01 00:16:00,40.7468,-73.9935,B02598
235,2014-08-01 00:16:00,40.8339,-73.9448,B02598
236,2014-08-01 00:16:00,40.7433,-73.9938,B02598
237,2014-08-01 00:16:00,40.7406,-74.0046,B02598
238,2014-08-01 00:16:00,40.7334,-74.003,B02617
239,2014-08-01 00:16:00,40.6861,-73.9808,B02617
240,2014-08-01 00:16:00,40.6613,-73.9241,B02617
241,2014-08-01 00:16:00,40.7547,-73.9869,B02617
242,2014-08-01 00:16:00,40.7624,-73.9263,B02617
243,2014-08-01 00:16:00,40.7272,-73.9915,B02617
244,2014-08-01 00:16:00,40.7174,-73.9454,B02682
245,2014-08-01 00:16:00,40.6989,-73.9347,B02682
246,2014-08-01 00:16:00,40.6762,-73.9708,B02682
247,2014-08-01 00:16:00,40.7536,-73.9805,B02682
248,2014-08-01 00:16:00,40.7185,-73.957,B02682
249,2014-08-01 00:17:00,40.721,-73.9937,B02512
250,2014-08-01 00:17:00,40.7231,-74.0009,B02598
251,2014-08-01 00:17:00,40.7655,-73.982,B02598
252,2014-08-01 00:17:00,40.7143,-74.0102,B02617
253,2014-08-01 00:17:00,40.77,-73.9614,B02617
254,2014-08-01 00:17:00,40.6843,-74.0026,B02617
255,2014-08-01 00:17:00,40.7569,-73.9884,B02617
256,2014-08-01 00:17:00,40.7171,-73.9465,B02617
257,2014-08-01 00:17:00,40.74,-74.0054,B02682
258,2014-08-01 00:17:00,40.7119,-74.0076,B02682
259,2014-08-01 00:17:00,40.7454,-73.9891,B02682
260,2014-08-01 00:17:00,40.7376,-73.9805,B02682
261,2014-08-01 00:17:00,40.6469,-73.7895,B02682
262,2014-08-01 00:18:00,40.7583,-73.9346,B02598
263,2014-08-01 00:18:00,40.7583,-73.9346,B02598
264,2014-08-01 00:18:00,40.6758,-74.0169,B02598
265,2014-08-01 00:18:00,40.7622,-73.9965,B02598
266,2014-08-01 00:18:00,40.6516,-73.9523,B02598
267,2014-08-01 00:18:00,40.6903,-73.9156,B02617
268,2014-08-01 00:18:00,40.7193,-73.9939,B02617
269,2014-08-01 00:18:00,40.7136,-73.9619,B02617
270,2014-08-01 00:18:00,40.753,-73.9797,B02617
271,2014-08-01 00:18:00,40.8537,-73.7903,B02617
272,2014-08-01 00:18:00,40.7441,-73.9879,B02617
273,2014-08-01 00:18:00,40.7139,-73.994,B02617
274,2014-08-01 00:18:00,40.7645,-73.9958,B02617
275,2014-08-01 00:18:00,40.7601,-73.9888,B02682
276,2014-08-01 00:18:00,40.7065,-74.0053,B02682
277,2014-08-01 00:19:00,40.7195,-74.006,B02512
278,2014-08-01 00:19:00,40.746,-73.9886,B02598
279,2014-08-01 00:19:00,40.7635,-73.9752,B02598
280,2014-08-01 00:19:00,41.0574,-74.1427,B02598
281,2014-08-01 00:19:00,40.7644,-73.9875,B02598
282,2014-08-01 00:19:00,40.7491,-74.0304,B02617
283,2014-08-01 00:19:00,40.7491,-74.0304,B02617
284,2014-08-01 00:19:00,40.7212,-73.9815,B02617
285,2014-08-01 00:19:00,40.7637,-73.9746,B02617
286,2014-08-01 00:19:00,40.7492,-73.9924,B02617
287,2014-08-01 00:19:00,40.7581,-73.9131,B02617
288,2014-08-01 00:19:00,40.7364,-73.9872,B02617
289,2014-08-01 00:19:00,40.722,-73.9961,B02682
290,2014-08-01 00:19:00,40.7352,-74.0099,B02682
291,2014-08-01 00:19:00,40.7216,-73.9875,B02682
292,2014-08-01 00:20:00,40.7448,-73.9799,B02512
293,2014-08-01 00:20:00,40.7223,-73.992,B02598
294,2014-08-01 00:20:00,40.7291,-73.98899999999999,B02598
295,2014-08-01 00:20:00,40.7643,-73.9983,B02598
296,2014-08-01 00:20:00,40.7369,-73.9929,B02598
297,2014-08-01 00:20:00,40.8231,-73.9406,B02617
298,2014-08-01 00:20:00,40.7165,-74.0051,B02617
299,2014-08-01 00:20:00,40.741,-74.0051,B02617
300,2014-08-01 00:20:00,40.7645,-73.9796,B02617
301,2014-08-01 00:20:00,40.7642,-73.98,B02682
302,2014-08-01 00:20:00,40.7137,-73.9939,B02682
303,2014-08-01 00:20:00,40.7376,-73.9976,B02682
304,2014-08-01 00:20:00,40.7283,-73.9997,B02682
305,2014-08-01 00:21:00,40.7399,-74.0057,B02512
306,2014-08-01 00:21:00,40.7989,-73.9405,B02598
307,2014-08-01 00:21:00,40.741,-74.0055,B02598
308,2014-08-01 00:21:00,40.7437,-74.0066,B02598
309,2014-08-01 00:21:00,40.7575,-73.9824,B02598
310,2014-08-01 00:21:00,40.7206,-73.997,B02617
311,2014-08-01 00:21:00,40.6868,-73.9735,B02617
312,2014-08-01 00:21:00,40.7716,-73.9824,B02617
313,2014-08-01 00:21:00,40.7359,-74.0051,B02682
314,2014-08-01 00:21:00,40.8098,-74.0013,B02682
315,2014-08-01 00:21:00,40.7076,-74.0138,B02682
316,2014-08-01 00:22:00,40.7072,-73.9212,B02598
317,2014-08-01 00:22:00,40.6799,-73.9743,B02598
318,2014-08-01 00:22:00,40.7481,-73.9569,B02598
319,2014-08-01 00:22:00,40.7574,-73.9716,B02617
320,2014-08-01 00:22:00,40.7672,-73.9959,B02617
321,2014-08-01 00:22:00,40.7196,-74.0069,B02617
322,2014-08-01 00:22:00,40.8014,-73.9593,B02682
323,2014-08-01 00:22:00,40.7379,-73.9882,B02682
324,2014-08-01 00:23:00,40.6858,-73.9805,B02598
325,2014-08-01 00:23:00,40.7322,-74.0053,B02598
326,2014-08-01 00:23:00,40.6987,-73.9397,B02598
327,2014-08-01 00:23:00,40.6709,-73.985,B02598
328,2014-08-01 00:23:00,40.7644,-73.992,B02617
329,2014-08-01 00:23:00,40.7393,-73.9897,B02617
330,2014-08-01 00:23:00,40.6074,-74.0026,B02617
331,2014-08-01 00:23:00,40.6074,-74.0026,B02617
332,2014-08-01 00:23:00,40.6338,-73.9161,B02617
333,2014-08-01 00:23:00,40.756,-73.9749,B02617
334,2014-08-01 00:23:00,40.754,-73.9921,B02682
335,2014-08-01 00:23:00,40.7211,-74.0015,B02682
336,2014-08-01 00:23:00,40.67,-73.9553,B02682
337,2014-08-01 00:24:00,40.7101,-74.0096,B02598
338,2014-08-01 00:24:00,40.6962,-73.9743,B02598
339,2014-08-01 00:24:00,40.6742,-73.9657,B02617
340,2014-08-01 00:24:00,40.756,-73.9905,B02617
341,2014-08-01 00:24:00,40.6602,-73.9494,B02617
342,2014-08-01 00:24:00,40.6907,-73.992,B02617
343,2014-08-01 00:24:00,40.6906,-73.9317,B02617
344,2014-08-01 00:24:00,40.7221,-73.9918,B02617
345,2014-08-01 00:24:00,40.7385,-73.9856,B02617
346,2014-08-01 00:24:00,40.7944,-73.9739,B02682
347,2014-08-01 00:24:00,40.7119,-73.9525,B02682
348,2014-08-01 00:24:00,40.7201,-73.9997,B02682
349,2014-08-01 00:25:00,40.7651,-73.9683,B02512
350,2014-08-01 00:25:00,40.7262,-73.8483,B02598
351,2014-08-01 00:25:00,40.7715,-73.994,B02598
352,2014-08-01 00:25:00,40.6911,-73.9534,B02598
353,2014-08-01 00:25:00,40.7409,-73.9977,B02617
354,2014-08-01 00:25:00,40.7553,-73.9252,B02617
355,2014-08-01 00:25:00,40.7469,-73.9935,B02617
356,2014-08-01 00:25:00,40.8159,-73.9391,B02617
357,2014-08-01 00:25:00,40.7188,-73.94,B02617
358,2014-08-01 00:25:00,40.7788,-73.9819,B02617
359,2014-08-01 00:25:00,40.7532,-74.0264,B02682
360,2014-08-01 00:25:00,40.7258,-73.9836,B02682
361,2014-08-01 00:25:00,40.7197,-73.9949,B02682
362,2014-08-01 00:26:00,40.7268,-73.9956,B02598
363,2014-08-01 00:26:00,40.7574,-73.9686,B02598
364,2014-08-01 00:26:00,40.7572,-73.9715,B02598
365,2014-08-01 00:26:00,40.7344,-73.9922,B02598
366,2014-08-01 00:26:00,40.7381,-73.9877,B02598
367,2014-08-01 00:26:00,40.7218,-73.9583,B02617
368,2014-08-01 00:26:00,40.6803,-73.9948,B02617
369,2014-08-01 00:26:00,40.7222,-73.9859,B02617
370,2014-08-01 00:26:00,40.7044,-73.9144,B02617
371,2014-08-01 00:26:00,40.7663,-73.9869,B02617
372,2014-08-01 00:26:00,40.7487,-73.9888,B02682
373,2014-08-01 00:26:00,40.7374,-73.997,B02682
374,2014-08-01 00:26:00,40.7638,-73.9737,B02682
375,2014-08-01 00:26:00,40.7469,-73.9967,B02682
376,2014-08-01 00:26:00,40.7529,-73.9678,B02682
377,2014-08-01 00:26:00,40.7557,-73.9731,B02764
378,2014-08-01 00:27:00,40.7354,-74.0081,B02512
379,2014-08-01 00:27:00,40.7972,-73.9404,B02598
380,2014-08-01 00:27:00,40.7663,-73.9869,B02617
381,2014-08-01 00:27:00,40.7441,-73.9276,B02617
382,2014-08-01 00:27:00,40.719,-73.9933,B02617
383,2014-08-01 00:27:00,40.7298,-73.9806,B02617
384,2014-08-01 00:27:00,40.751999999999995,-73.9848,B02617
385,2014-08-01 00:27:00,40.7522,-73.9933,B02617
386,2014-08-01 00:27:00,40.7414,-73.9932,B02682
387,2014-08-01 00:27:00,40.7567,-73.9939,B02682
388,2014-08-01 00:27:00,40.8187,-73.9272,B02682
389,2014-08-01 00:27:00,40.742,-74.0055,B02682
390,2014-08-01 00:28:00,40.719,-73.9964,B02598
391,2014-08-01 00:28:00,40.6935,-73.9885,B02598
392,2014-08-01 00:28:00,40.7196,-74.0042,B02598
393,2014-08-01 00:28:00,40.8251,-74.1376,B02598
394,2014-08-01 00:28:00,40.7455,-73.9897,B02617
395,2014-08-01 00:28:00,40.7636,-73.7715,B02617
396,2014-08-01 00:28:00,40.732,-73.9896,B02617
397,2014-08-01 00:28:00,40.716,-73.9578,B02617
398,2014-08-01 00:28:00,40.7138,-73.9945,B02617
399,2014-08-01 00:28:00,40.7255,-73.9573,B02617
400,2014-08-01 00:28:00,40.7582,-73.9174,B02617
401,2014-08-01 00:28:00,40.72,-73.9992,B02617
402,2014-08-01 00:28:00,40.7572,-73.9683,B02617
403,2014-08-01 00:28:00,40.7255,-74.0031,B02682
404,2014-08-01 00:28:00,40.7202,-73.9845,B02682
405,2014-08-01 00:28:00,40.7202,-74.005,B02682
406,2014-08-01 00:28:00,40.7471,-73.9856,B02682
407,2014-08-01 00:29:00,40.7339,-74.0028,B02512
408,2014-08-01 00:29:00,40.7364,-74.0301,B02512
409,2014-08-01 00:29:00,40.7364,-74.0301,B02512
410,2014-08-01 00:29:00,40.7252,-73.98899999999999,B02598
411,2014-08-01 00:29:00,40.7412,-74.0083,B02598
412,2014-08-01 00:29:00,40.755,-73.9839,B02617
413,2014-08-01 00:29:00,40.7597,-73.9877,B02617
414,2014-08-01 00:29:00,40.7188,-73.9406,B02617
415,2014-08-01 00:29:00,40.6671,-73.988,B02617
416,2014-08-01 00:29:00,40.6671,-73.988,B02617
417,2014-08-01 00:29:00,40.7553,-73.9699,B02617
418,2014-08-01 00:29:00,40.7636,-73.7714,B02617
419,2014-08-01 00:29:00,40.7795,-73.9776,B02617
420,2014-08-01 00:29:00,40.7827,-73.9511,B02617
421,2014-08-01 00:29:00,40.7363,-73.9371,B02617
422,2014-08-01 00:29:00,40.7358,-73.7821,B02617
423,2014-08-01 00:29:00,40.7508,-73.984,B02617
424,2014-08-01 00:29:00,40.7395,-74.0019,B02682
425,2014-08-01 00:29:00,40.668,-73.9238,B02682
426,2014-08-01 00:30:00,40.7252,-73.9516,B02512
427,2014-08-01 00:30:00,40.7433,-73.986,B02512
428,2014-08-01 00:30:00,40.7213,-73.988,B02598
429,2014-08-01 00:30:00,40.7489,-73.9881,B02598
430,2014-08-01 00:30:00,40.7395,-73.9941,B02598
431,2014-08-01 00:30:00,40.7419,-73.9809,B02617
432,2014-08-01 00:30:00,40.7642,-73.9885,B02617
433,2014-08-01 00:30:00,40.7609,-73.9802,B02617
434,2014-08-01 00:30:00,40.7432,-74.0064,B02682
435,2014-08-01 00:30:00,40.8553,-73.939,B02682
436,2014-08-01 00:31:00,40.7234,-73.9564,B02598
437,2014-08-01 00:31:00,40.6904,-73.9922,B02617
438,2014-08-01 00:31:00,40.7693,-73.9533,B02617
439,2014-08-01 00:31:00,40.7132,-73.9582,B02617
440,2014-08-01 00:31:00,40.7618,-73.9871,B02617
441,2014-08-01 00:31:00,40.6942,-73.9293,B02682
442,2014-08-01 00:31:00,40.7549,-73.9701,B02682
443,2014-08-01 00:31:00,40.721,-73.9956,B02682
444,2014-08-01 00:31:00,40.7925,-73.9676,B02682
445,2014-08-01 00:31:00,40.7128,-74.0077,B02682
446,2014-08-01 00:31:00,40.7625,-73.9743,B02682
447,2014-08-01 00:32:00,40.7694,-73.7891,B02598
448,2014-08-01 00:32:00,40.7311,-73.9826,B02598
449,2014-08-01 00:32:00,40.7283,-73.9996,B02598
450,2014-08-01 00:32:00,40.7608,-73.9791,B02598
451,2014-08-01 00:32:00,40.7222,-73.9575,B02598
452,2014-08-01 00:32:00,40.6774,-73.9591,B02598
453,2014-08-01 00:32:00,40.7188,-74.0025,B02598
454,2014-08-01 00:32:00,40.7601,-73.9877,B02617
455,2014-08-01 00:32:00,40.7365,-73.9945,B02682
456,2014-08-01 00:32:00,40.7304,-74.0,B02682
457,2014-08-01 00:32:00,40.7272,-74.0001,B02682
458,2014-08-01 00:32:00,40.64,-73.935,B02682
459,2014-08-01 00:32:00,40.7503,-73.9844,B02682
460,2014-08-01 00:32:00,40.7431,-73.9936,B02682
461,2014-08-01 00:33:00,40.6611,-73.9585,B02598
462,2014-08-01 00:33:00,40.7131,-73.9566,B02598
463,2014-08-01 00:33:00,40.7514,-74.0285,B02617
464,2014-08-01 00:33:00,40.7167,-73.962,B02617
465,2014-08-01 00:33:00,40.7207,-73.9947,B02617
466,2014-08-01 00:33:00,40.7409,-74.0075,B02617
467,2014-08-01 00:33:00,40.7272,-73.9919,B02617
468,2014-08-01 00:33:00,40.7501,-73.9948,B02617
469,2014-08-01 00:33:00,40.7161,-73.9918,B02617
470,2014-08-01 00:33:00,40.7194,-74.0052,B02617
471,2014-08-01 00:33:00,40.7214,-73.988,B02682
472,2014-08-01 00:33:00,40.744,-73.9877,B02682
473,2014-08-01 00:33:00,40.7952,-73.9455,B02682
474,2014-08-01 00:34:00,40.7437,-73.9884,B02512
475,2014-08-01 00:34:00,40.7151,-74.016,B02617
476,2014-08-01 00:34:00,40.7582,-73.985,B02617
477,2014-08-01 00:34:00,40.7296,-73.9898,B02617
478,2014-08-01 00:34:00,40.7223,-73.9589,B02617
479,2014-08-01 00:34:00,40.7182,-73.9889,B02617
480,2014-08-01 00:34:00,40.76,-73.9914,B02617
481,2014-08-01 00:34:00,40.7457,-73.9896,B02617
482,2014-08-01 00:34:00,40.7285,-74.0002,B02617
483,2014-08-01 00:34:00,40.7381,-74.0095,B02682
484,2014-08-01 00:34:00,40.7403,-74.0057,B02682
485,2014-08-01 00:34:00,40.7137,-74.0146,B02682
486,2014-08-01 00:34:00,40.7638,-73.9588,B02682
487,2014-08-01 00:34:00,40.7831,-73.9443,B02682
488,2014-08-01 00:34:00,40.7507,-74.0036,B02682
489,2014-08-01 00:35:00,40.7082,-73.9423,B02598
490,2014-08-01 00:35:00,40.7759,-73.9531,B02598
491,2014-08-01 00:35:00,40.6952,-73.9201,B02617
492,2014-08-01 00:35:00,40.7137,-73.9942,B02617
493,2014-08-01 00:35:00,40.7363,-74.0034,B02617
494,2014-08-01 00:35:00,40.7147,-73.9997,B02617
495,2014-08-01 00:35:00,40.7063,-74.0124,B02617
496,2014-08-01 00:35:00,40.6833,-73.9927,B02682
497,2014-08-01 00:35:00,40.6968,-73.9063,B02682
498,2014-08-01 00:35:00,40.742,-74.0042,B02682
499,2014-08-01 00:35:00,40.7733,-73.9619,B02764
500,2014-08-01 00:36:00,40.7406,-74.0077,B02512
501,2014-08-01 00:36:00,40.7367,-73.9889,B02598
502,2014-08-01 00:36:00,40.7421,-74.0044,B02598
503,2014-08-01 00:36:00,40.7252,-74.0036,B02617
504,2014-08-01 00:36:00,40.725,-73.9843,B02617
505,2014-08-01 00:36:00,40.7222,-73.9588,B02617
506,2014-08-01 00:36:00,40.7719,-73.9826,B02617
507,2014-08-01 00:36:00,40.7556,-73.9737,B02617
508,2014-08-01 00:36:00,40.7253,-73.9928,B02617
509,2014-08-01 00:36:00,40.7546,-73.9717,B02682
510,2014-08-01 00:36:00,40.7363,-73.9893,B02682
511,2014-08-01 00:37:00,40.7338,-74.0026,B02598
512,2014-08-01 00:37:00,40.7121,-73.947,B02617
513,2014-08-01 00:37:00,40.7212,-73.8369,B02617
514,2014-08-01 00:37:00,40.6903,-73.9543,B02682
515,2014-08-01 00:38:00,40.7502,-74.0308,B02598
516,2014-08-01 00:38:00,40.751999999999995,-73.9948,B02598
517,2014-08-01 00:38:00,40.7298,-74.0006,B02598
518,2014-08-01 00:38:00,40.8307,-73.9487,B02598
519,2014-08-01 00:38:00,40.763000000000005,-73.97,B02617
520,2014-08-01 00:38:00,40.7335,-73.9566,B02617
521,2014-08-01 00:38:00,40.7391,-73.9898,B02617
522,2014-08-01 00:38:00,40.7398,-73.9911,B02617
523,2014-08-01 00:38:00,40.7145,-73.9996,B02682
524,2014-08-01 00:38:00,40.7334,-74.0546,B02682
525,2014-08-01 00:38:00,40.7435,-73.9797,B02682
526,2014-08-01 00:38:00,40.7275,-73.9939,B02682
527,2014-08-01 00:39:00,40.7353,-74.0098,B02598
528,2014-08-01 00:39:00,40.7671,-73.9879,B02598
529,2014-08-01 00:39:00,40.7392,-74.0664,B02682
530,2014-08-01 00:39:00,40.7668,-73.9789,B02682
531,2014-08-01 00:39:00,40.7394,-74.0017,B02682
532,2014-08-01 00:40:00,40.6746,-73.9584,B02598
533,2014-08-01 00:40:00,40.7162,-74.0108,B02598
534,2014-08-01 00:40:00,40.7474,-74.0032,B02598
535,2014-08-01 00:40:00,40.7752,-73.9617,B02598
536,2014-08-01 00:40:00,40.7288,-74.0005,B02617
537,2014-08-01 00:40:00,40.7273,-74.1492,B02617
538,2014-08-01 00:40:00,40.7088,-74.0051,B02617
539,2014-08-01 00:40:00,40.7232,-73.9767,B02617
540,2014-08-01 00:40:00,40.7318,-73.9838,B02617
541,2014-08-01 00:40:00,40.7413,-73.987,B02617
542,2014-08-01 00:40:00,40.7338,-73.9582,B02682
543,2014-08-01 00:40:00,40.7401,-74.0054,B02682
544,2014-08-01 00:40:00,40.7333,-74.0024,B02682
545,2014-08-01 00:40:00,40.716,-74.0151,B02682
546,2014-08-01 00:41:00,40.7122,-73.9965,B02598
547,2014-08-01 00:41:00,40.7222,-73.95,B02617
548,2014-08-01 00:41:00,40.745,-73.9883,B02617
549,2014-08-01 00:41:00,40.7516,-74.0032,B02617
550,2014-08-01 00:41:00,40.721,-73.9978,B02617
551,2014-08-01 00:41:00,40.7205,-73.959,B02617
552,2014-08-01 00:41:00,40.7146,-73.9996,B02617
553,2014-08-01 00:41:00,40.7146,-73.9996,B02617
554,2014-08-01 00:41:00,40.7174,-73.9518,B02617
555,2014-08-01 00:41:00,40.7319,-74.0033,B02617
556,2014-08-01 00:41:00,40.7527,-73.9795,B02682
557,2014-08-01 00:42:00,40.7041,-73.9305,B02617
558,2014-08-01 00:42:00,40.7455,-73.9923,B02682
559,2014-08-01 00:42:00,40.7605,-73.9814,B02682
560,2014-08-01 00:42:00,40.6465,-73.7897,B02682
561,2014-08-01 00:42:00,40.7226,-73.9942,B02682
562,2014-08-01 00:42:00,40.725,-73.9753,B02682
563,2014-08-01 00:42:00,40.7422,-74.0041,B02682
564,2014-08-01 00:43:00,40.7151,-73.9652,B02598
565,2014-08-01 00:43:00,40.7518,-74.0049,B02598
566,2014-08-01 00:43:00,40.7417,-74.0047,B02598
567,2014-08-01 00:43:00,40.7412,-73.9984,B02598
568,2014-08-01 00:43:00,40.7602,-73.9875,B02617
569,2014-08-01 00:43:00,40.7395,-74.0019,B02617
570,2014-08-01 00:43:00,40.7192,-73.9563,B02617
571,2014-08-01 00:43:00,40.7021,-73.9124,B02617
572,2014-08-01 00:43:00,40.7419,-74.0037,B02617
573,2014-08-01 00:43:00,40.7429,-74.0079,B02617
574,2014-08-01 00:43:00,40.7339,-73.9887,B02617
575,2014-08-01 00:43:00,40.732,-73.9842,B02617
576,2014-08-01 00:43:00,40.7608,-73.9837,B02682
577,2014-08-01 00:43:00,40.7619,-73.9711,B02682
578,2014-08-01 00:43:00,40.7031,-73.9145,B02682
579,2014-08-01 00:43:00,40.7151,-73.9666,B02764
580,2014-08-01 00:44:00,40.7137,-73.9946,B02598
581,2014-08-01 00:44:00,40.7397,-73.9851,B02598
582,2014-08-01 00:44:00,40.7309,-74.0069,B02598
583,2014-08-01 00:44:00,40.7524,-73.9796,B02598
584,2014-08-01 00:44:00,40.7623,-73.9707,B02617
585,2014-08-01 00:44:00,40.7534,-73.9835,B02617
586,2014-08-01 00:44:00,40.7286,-74.0,B02617
587,2014-08-01 00:44:00,40.7161,-74.0041,B02617
588,2014-08-01 00:44:00,40.689,-73.9585,B02617
589,2014-08-01 00:44:00,40.732,-73.9838,B02617
590,2014-08-01 00:44:00,40.7532,-74.0261,B02617
591,2014-08-01 00:44:00,40.7532,-74.0261,B02617
592,2014-08-01 00:44:00,40.7253,-73.6343,B02617
593,2014-08-01 00:44:00,40.669000000000004,-73.529,B02682
594,2014-08-01 00:45:00,40.7408,-74.0075,B02598
595,2014-08-01 00:45:00,40.7357,-73.9926,B02598
596,2014-08-01 00:45:00,40.7824,-73.9587,B02617
597,2014-08-01 00:45:00,40.7286,-74.0002,B02617
598,2014-08-01 00:45:00,40.7293,-74.0052,B02617
599,2014-08-01 00:45:00,40.7845,-73.9546,B02617
600,2014-08-01 00:45:00,40.742,-74.0054,B02682
601,2014-08-01 00:45:00,40.876,-73.8815,B02682
602,2014-08-01 00:45:00,40.7596,-74.028,B02682
603,2014-08-01 00:45:00,40.7434,-73.9581,B02682
604,2014-08-01 00:46:00,40.7051,-74.0101,B02598
605,2014-08-01 00:46:00,40.7779,-73.9757,B02598
606,2014-08-01 00:46:00,40.7442,-73.9962,B02598
607,2014-08-01 00:46:00,40.7211,-73.9935,B02617
608,2014-08-01 00:46:00,40.6733,-73.8334,B02617
609,2014-08-01 00:46:00,40.7083,-74.0048,B02617
610,2014-08-01 00:46:00,40.7516,-73.9762,B02617
611,2014-08-01 00:46:00,40.7683,-73.9511,B02682
612,2014-08-01 00:46:00,40.7382,-73.9858,B02682
613,2014-08-01 00:46:00,40.7286,-73.9476,B02682
614,2014-08-01 00:46:00,40.7584,-73.9626,B02682
615,2014-08-01 00:47:00,40.7391,-74.0081,B02598
616,2014-08-01 00:47:00,40.731,-74.0013,B02598
617,2014-08-01 00:47:00,40.742,-73.9852,B02598
618,2014-08-01 00:47:00,40.6925,-73.9908,B02617
619,2014-08-01 00:47:00,40.7559,-73.9747,B02617
620,2014-08-01 00:47:00,40.7423,-74.0039,B02682
621,2014-08-01 00:48:00,40.7421,-74.0002,B02512
622,2014-08-01 00:48:00,40.7203,-73.9554,B02598
623,2014-08-01 00:48:00,40.7304,-74.0017,B02617
624,2014-08-01 00:48:00,40.7633,-73.9566,B02617
625,2014-08-01 00:48:00,40.7274,-73.985,B02617
626,2014-08-01 00:48:00,40.7312,-73.9826,B02682
627,2014-08-01 00:48:00,40.6654,-73.7706,B02682
628,2014-08-01 00:48:00,40.7133,-73.9583,B02682
629,2014-08-01 00:49:00,40.7367,-74.0053,B02598
630,2014-08-01 00:49:00,40.7146,-74.0093,B02598
631,2014-08-01 00:49:00,40.7424,-73.9855,B02617
632,2014-08-01 00:49:00,40.7568,-73.9981,B02617
633,2014-08-01 00:49:00,40.7597,-74.0277,B02617
634,2014-08-01 00:49:00,40.74,-74.0057,B02617
635,2014-08-01 00:49:00,40.7406,-74.0077,B02682
636,2014-08-01 00:49:00,40.7191,-73.9609,B02682
637,2014-08-01 00:49:00,40.7067,-74.0045,B02764
638,2014-08-01 00:50:00,40.751999999999995,-73.9751,B02598
639,2014-08-01 00:50:00,40.7404,-73.9984,B02617
640,2014-08-01 00:50:00,40.7135,-73.9944,B02617
641,2014-08-01 00:50:00,40.7135,-73.9944,B02617
642,2014-08-01 00:50:00,40.7402,-74.0076,B02617
643,2014-08-01 00:50:00,40.7647,-73.9808,B02617
644,2014-08-01 00:50:00,40.7843,-73.979,B02682
645,2014-08-01 00:50:00,40.7336,-73.9762,B02682
646,2014-08-01 00:50:00,40.7957,-74.4804,B02682
647,2014-08-01 00:51:00,40.7274,-73.9938,B02598
648,2014-08-01 00:51:00,40.7274,-73.9938,B02598
649,2014-08-01 00:51:00,40.7277,-73.9992,B02617
650,2014-08-01 00:51:00,40.7215,-73.98899999999999,B02617
651,2014-08-01 00:51:00,40.7139,-73.9394,B02617
652,2014-08-01 00:51:00,40.7471,-74.0093,B02617
653,2014-08-01 00:51:00,40.744,-74.003,B02617
654,2014-08-01 00:51:00,40.7636,-73.9736,B02617
655,2014-08-01 00:51:00,40.7346,-73.9905,B02617
656,2014-08-01 00:51:00,40.7129,-74.0043,B02617
657,2014-08-01 00:52:00,40.7394,-74.0069,B02512
658,2014-08-01 00:52:00,40.7423,-73.9857,B02598
659,2014-08-01 00:52:00,40.7603,-73.982,B02598
660,2014-08-01 00:52:00,40.7405,-74.0046,B02617
661,2014-08-01 00:52:00,40.7431,-74.0076,B02617
662,2014-08-01 00:52:00,40.7551,-73.9868,B02617
663,2014-08-01 00:52:00,40.7246,-73.9934,B02617
664,2014-08-01 00:52:00,40.74,-74.0054,B02682
665,2014-08-01 00:52:00,40.7173,-73.9896,B02682
666,2014-08-01 00:53:00,40.7153,-73.9666,B02512
667,2014-08-01 00:53:00,40.7416,-73.9954,B02598
668,2014-08-01 00:53:00,40.7073,-73.9438,B02598
669,2014-08-01 00:53:00,40.7584,-73.976,B02617
670,2014-08-01 00:53:00,40.736,-74.0295,B02617
671,2014-08-01 00:53:00,40.736,-74.0295,B02617
672,2014-08-01 00:53:00,40.7126,-74.0084,B02682
673,2014-08-01 00:54:00,40.6888,-73.9853,B02512
674,2014-08-01 00:54:00,40.7194,-74.0428,B02512
675,2014-08-01 00:54:00,40.7498,-74.0064,B02598
676,2014-08-01 00:54:00,40.745,-73.9781,B02598
677,2014-08-01 00:54:00,40.6768,-73.9561,B02617
678,2014-08-01 00:54:00,40.8265,-73.9431,B02617
679,2014-08-01 00:54:00,40.6551,-74.0104,B02617
680,2014-08-01 00:55:00,40.7562,-73.9714,B02512
681,2014-08-01 00:55:00,40.7428,-74.0076,B02598
682,2014-08-01 00:55:00,40.7065,-73.9519,B02598
683,2014-08-01 00:55:00,40.7598,-73.8303,B02617
684,2014-08-01 00:55:00,40.7488,-73.987,B02617
685,2014-08-01 00:55:00,40.7519,-74.0048,B02617
686,2014-08-01 00:55:00,40.7305,-74.0041,B02682
687,2014-08-01 00:56:00,40.7621,-73.9601,B02598
688,2014-08-01 00:56:00,41.0573,-74.1428,B02598
689,2014-08-01 00:56:00,40.7138,-73.994,B02598
690,2014-08-01 00:56:00,40.7553,-73.9252,B02598
691,2014-08-01 00:56:00,40.7619,-73.9747,B02598
692,2014-08-01 00:56:00,40.7182,-73.9552,B02617
693,2014-08-01 00:56:00,40.7412,-73.9926,B02617
694,2014-08-01 00:56:00,40.7222,-73.9858,B02617
695,2014-08-01 00:56:00,40.7177,-73.9589,B02617
696,2014-08-01 00:56:00,40.719,-73.98899999999999,B02617
697,2014-08-01 00:56:00,40.7245,-74.0045,B02617
698,2014-08-01 00:56:00,40.7277,-73.9942,B02682
699,2014-08-01 00:56:00,40.7418,-73.9893,B02682
700,2014-08-01 00:56:00,40.7072,-74.002,B02682
701,2014-08-01 00:56:00,40.7072,-74.002,B02682
702,2014-08-01 00:57:00,40.7414,-73.993,B02598
703,2014-08-01 00:57:00,40.7049,-74.0103,B02598
704,2014-08-01 00:57:00,40.731,-73.9836,B02617
705,2014-08-01 00:57:00,40.7364,-73.9908,B02617
706,2014-08-01 00:57:00,40.7684,-73.9862,B02617
707,2014-08-01 00:57:00,40.7233,-74.0048,B02617
708,2014-08-01 00:57:00,40.7181,-73.9551,B02617
709,2014-08-01 00:57:00,40.7202,-73.9935,B02682
710,2014-08-01 00:57:00,40.7177,-73.9578,B02682
711,2014-08-01 00:57:00,40.7646,-73.922,B02682
712,2014-08-01 00:57:00,40.7169,-73.9481,B02682
713,2014-08-01 00:57:00,40.7033,-73.9941,B02682
714,2014-08-01 00:58:00,40.7601,-73.9839,B02512
715,2014-08-01 00:58:00,40.7453,-73.9927,B02598
716,2014-08-01 00:58:00,40.7608,-73.9778,B02598
717,2014-08-01 00:58:00,40.8001,-73.9513,B02617
718,2014-08-01 00:58:00,40.7407,-74.005,B02617
719,2014-08-01 00:58:00,40.7409,-74.0074,B02617
720,2014-08-01 00:58:00,40.7187,-73.9889,B02617
721,2014-08-01 00:58:00,40.7555,-73.9838,B02617
722,2014-08-01 00:59:00,40.6804,-73.9947,B02598
723,2014-08-01 00:59:00,40.695,-74.1781,B02598
724,2014-08-01 00:59:00,40.6811,-73.9558,B02598
725,2014-08-01 00:59:00,40.6874,-74.0004,B02598
726,2014-08-01 00:59:00,40.7243,-73.9489,B02617
727,2014-08-01 00:59:00,40.7183,-73.9892,B02617
728,2014-08-01 00:59:00,40.7589,-73.9786,B02617
729,2014-08-01 00:59:00,40.7408,-74.0077,B02617
730,2014-08-01 00:59:00,40.6762,-73.9801,B02617
731,2014-08-01 00:59:00,40.7591,-73.83,B02617
732,2014-08-01 00:59:00,40.7382,-74.0093,B02617
733,2014-08-01 01:00:00,40.7222,-73.9587,B02598
734,2014-08-01 01:00:00,40.7327,-74.0026,B02598
735,2014-08-01 01:00:00,40.714,-73.9499,B02617
736,2014-08-01 01:00:00,40.7593,-73.9727,B02617
737,2014-08-01 01:00:00,40.7397,-74.0022,B02617
738,2014-08-01 01:00:00,40.7581,-73.9762,B02617
739,2014-08-01 01:00:00,40.7253,-74.0033,B02682
740,2014-08-01 01:01:00,40.7585,-73.9732,B02512
741,2014-08-01 01:01:00,40.7667,-73.971,B02598
742,2014-08-01 01:01:00,40.7272,-73.9919,B02617
743,2014-08-01 01:01:00,40.7258,-73.9836,B02617
744,2014-08-01 01:01:00,40.665,-73.9898,B02617
745,2014-08-01 01:01:00,40.7241,-73.8957,B02617
746,2014-08-01 01:01:00,40.7438,-74.0307,B02682
747,2014-08-01 01:01:00,40.734,-74.0043,B02682
748,2014-08-01 01:02:00,40.7137,-73.9944,B02598
749,2014-08-01 01:02:00,40.7328,-74.0027,B02617
750,2014-08-01 01:02:00,40.7162,-74.0002,B02617
751,2014-08-01 01:02:00,40.7227,-74.0043,B02617
752,2014-08-01 01:02:00,40.7227,-74.0043,B02617
753,2014-08-01 01:02:00,40.7528,-73.9949,B02617
754,2014-08-01 01:02:00,40.748000000000005,-74.0046,B02617
755,2014-08-01 01:02:00,40.7249,-74.0094,B02617
756,2014-08-01 01:02:00,40.7218,-73.992,B02682
757,2014-08-01 01:02:00,40.7584,-73.9628,B02682
758,2014-08-01 01:02:00,40.7679,-73.9849,B02682
759,2014-08-01 01:02:00,40.7187,-74.0093,B02682
760,2014-08-01 01:03:00,40.7495,-73.9832,B02598
761,2014-08-01 01:03:00,40.7075,-74.0042,B02598
762,2014-08-01 01:03:00,40.7084,-73.9432,B02617
763,2014-08-01 01:03:00,40.7446,-73.9908,B02682
764,2014-08-01 01:03:00,40.7292,-73.9893,B02682
765,2014-08-01 01:03:00,40.7182,-74.0071,B02682
766,2014-08-01 01:04:00,40.626,-73.9768,B02598
767,2014-08-01 01:04:00,40.756,-73.9679,B02598
768,2014-08-01 01:04:00,40.73,-73.9814,B02617
769,2014-08-01 01:04:00,40.7322,-74.0043,B02617
770,2014-08-01 01:04:00,40.7025,-73.9907,B02682
771,2014-08-01 01:05:00,40.7173,-73.9597,B02598
772,2014-08-01 01:05:00,40.717,-73.9652,B02598
773,2014-08-01 01:05:00,40.6013,-73.7497,B02598
774,2014-08-01 01:05:00,40.7176,-73.9575,B02598
775,2014-08-01 01:05:00,40.6968,-73.9062,B02598
776,2014-08-01 01:05:00,40.7419,-74.0055,B02617
777,2014-08-01 01:05:00,40.7405,-74.0062,B02617
778,2014-08-01 01:05:00,40.7441,-73.9919,B02617
779,2014-08-01 01:05:00,40.772,-73.9826,B02617
780,2014-08-01 01:05:00,40.7066,-73.9363,B02617
781,2014-08-01 01:05:00,40.7066,-73.9363,B02617
782,2014-08-01 01:05:00,40.6865,-73.995,B02682
783,2014-08-01 01:06:00,40.7354,-73.9982,B02598
784,2014-08-01 01:06:00,40.7199,-73.9875,B02598
785,2014-08-01 01:06:00,40.7361,-74.0302,B02617
786,2014-08-01 01:06:00,40.6454,-73.9027,B02617
787,2014-08-01 01:06:00,40.7548,-73.969,B02617
788,2014-08-01 01:06:00,40.7199,-74.0428,B02682
789,2014-08-01 01:06:00,41.0019,-73.6623,B02682
790,2014-08-01 01:07:00,40.7456,-73.9824,B02598
791,2014-08-01 01:07:00,40.7553,-73.9793,B02598
792,2014-08-01 01:07:00,40.6597,-73.9776,B02617
793,2014-08-01 01:07:00,40.6785,-73.9036,B02617
794,2014-08-01 01:07:00,40.7722,-73.9467,B02682
795,2014-08-01 01:07:00,40.7222,-73.9587,B02682
796,2014-08-01 01:07:00,40.7579,-73.9652,B02682
797,2014-08-01 01:08:00,40.7711,-73.9832,B02512
798,2014-08-01 01:08:00,40.74,-74.008,B02617
799,2014-08-01 01:08:00,40.7422,-74.0007,B02617
800,2014-08-01 01:08:00,40.7397,-74.0019,B02617
801,2014-08-01 01:09:00,40.7133,-74.0092,B02512
802,2014-08-01 01:09:00,40.7342,-74.003,B02598
803,2014-08-01 01:09:00,40.7419,-73.9863,B02598
804,2014-08-01 01:09:00,40.7587,-73.9793,B02598
805,2014-08-01 01:09:00,40.7167,-73.9619,B02617
806,2014-08-01 01:09:00,40.7616,-73.968,B02617
807,2014-08-01 01:09:00,40.7158,-74.0073,B02617
808,2014-08-01 01:09:00,40.7605,-73.9731,B02617
809,2014-08-01 01:09:00,40.7446,-73.98100000000001,B02617
810,2014-08-01 01:10:00,40.7572,-73.9679,B02598
811,2014-08-01 01:10:00,40.7153,-74.0076,B02598
812,2014-08-01 01:10:00,40.7196,-73.998,B02598
813,2014-08-01 01:10:00,40.7842,-73.9774,B02598
814,2014-08-01 01:10:00,40.7571,-73.9717,B02617
815,2014-08-01 01:10:00,40.8195,-73.9538,B02617
816,2014-08-01 01:10:00,40.7209,-73.9567,B02682
817,2014-08-01 01:11:00,40.7222,-73.9588,B02512
818,2014-08-01 01:11:00,40.7141,-73.8302,B02617
819,2014-08-01 01:11:00,40.7424,-74.0041,B02617
820,2014-08-01 01:11:00,40.7424,-74.0041,B02617
821,2014-08-01 01:11:00,40.7413,-73.9931,B02617
822,2014-08-01 01:11:00,40.721,-73.9974,B02617
823,2014-08-01 01:11:00,40.6736,-73.9673,B02617
824,2014-08-01 01:11:00,40.7434,-73.9845,B02617
825,2014-08-01 01:11:00,40.7434,-73.9845,B02617
826,2014-08-01 01:11:00,40.741,-74.0074,B02617
827,2014-08-01 01:11:00,40.7596,-73.9712,B02617
828,2014-08-01 01:11:00,40.7504,-73.9872,B02617
829,2014-08-01 01:11:00,40.6818,-73.9667,B02682
830,2014-08-01 01:11:00,40.784,-73.9777,B02682
831,2014-08-01 01:11:00,40.7179,-73.7355,B02682
832,2014-08-01 01:12:00,40.7194,-73.9885,B02598
833,2014-08-01 01:12:00,40.7581,-73.9761,B02617
834,2014-08-01 01:12:00,40.7324,-74.0036,B02617
835,2014-08-01 01:12:00,40.7247,-73.9905,B02617
836,2014-08-01 01:12:00,40.7543,-74.0258,B02682
837,2014-08-01 01:12:00,40.7185,-73.9884,B02682
838,2014-08-01 01:12:00,40.6583,-74.0065,B02682
839,2014-08-01 01:12:00,40.7424,-73.9859,B02682
840,2014-08-01 01:12:00,40.6979,-73.9277,B02682
841,2014-08-01 01:13:00,40.7616,-73.9247,B02598
842,2014-08-01 01:13:00,40.763000000000005,-73.9967,B02617
843,2014-08-01 01:13:00,40.7339,-74.0027,B02617
844,2014-08-01 01:13:00,40.7261,-73.9837,B02617
845,2014-08-01 01:13:00,40.7596,-73.9933,B02617
846,2014-08-01 01:13:00,40.6932,-73.9985,B02617
847,2014-08-01 01:13:00,40.7407,-74.0077,B02682
848,2014-08-01 01:13:00,40.7713,-73.9818,B02682
849,2014-08-01 01:13:00,40.7605,-73.9791,B02682
850,2014-08-01 01:14:00,40.6738,-73.9592,B02598
851,2014-08-01 01:14:00,40.7201,-73.9992,B02617
852,2014-08-01 01:14:00,40.7137,-73.9948,B02617
853,2014-08-01 01:14:00,40.7271,-73.9895,B02617
854,2014-08-01 01:14:00,40.7663,-73.9663,B02617
855,2014-08-01 01:14:00,40.7052,-73.9149,B02617
856,2014-08-01 01:14:00,40.7137,-73.9948,B02682
857,2014-08-01 01:14:00,40.7345,-73.9896,B02682
858,2014-08-01 01:15:00,40.7594,-73.9683,B02598
859,2014-08-01 01:15:00,40.704,-73.9307,B02598
860,2014-08-01 01:15:00,40.7516,-73.9769,B02598
861,2014-08-01 01:15:00,40.7586,-73.9727,B02617
862,2014-08-01 01:15:00,40.75,-73.9949,B02617
863,2014-08-01 01:15:00,40.762,-73.9596,B02617
864,2014-08-01 01:15:00,40.7137,-73.9941,B02617
865,2014-08-01 01:15:00,40.7905,-73.9778,B02617
866,2014-08-01 01:15:00,40.7112,-73.9561,B02617
867,2014-08-01 01:15:00,40.7112,-73.9561,B02617
868,2014-08-01 01:15:00,40.7786,-73.9779,B02617
869,2014-08-01 01:15:00,40.7537,-73.9881,B02682
870,2014-08-01 01:15:00,40.736,-74.0292,B02682
871,2014-08-01 01:15:00,40.743,-74.00399999999999,B02682
872,2014-08-01 01:15:00,40.7114,-73.9653,B02764
873,2014-08-01 01:16:00,40.7206,-73.2258,B02598
874,2014-08-01 01:16:00,40.7422,-74.0043,B02598
875,2014-08-01 01:16:00,40.7376,-73.9822,B02617
876,2014-08-01 01:16:00,40.7139,-73.9576,B02617
877,2014-08-01 01:16:00,40.7341,-73.9909,B02617
878,2014-08-01 01:16:00,40.7579,-73.9773,B02617
879,2014-08-01 01:16:00,40.7198,-73.9928,B02682
880,2014-08-01 01:16:00,40.7313,-74.003,B02682
881,2014-08-01 01:16:00,40.7567,-73.9884,B02764
882,2014-08-01 01:17:00,40.7847,-73.9582,B02598
883,2014-08-01 01:17:00,41.0608,-74.14399999999999,B02598
884,2014-08-01 01:17:00,40.7421,-74.0037,B02598
885,2014-08-01 01:17:00,40.6333,-73.9494,B02617
886,2014-08-01 01:17:00,40.6415,-74.018,B02617
887,2014-08-01 01:17:00,40.6694,-73.9868,B02682
888,2014-08-01 01:17:00,40.8688,-73.9317,B02682
889,2014-08-01 01:17:00,40.7527,-73.9499,B02682
890,2014-08-01 01:17:00,40.7342,-73.9988,B02682
891,2014-08-01 01:18:00,40.718,-74.0085,B02598
892,2014-08-01 01:18:00,40.7149,-73.9669,B02598
893,2014-08-01 01:18:00,40.7155,-73.9414,B02617
894,2014-08-01 01:18:00,40.8277,-73.9456,B02617
895,2014-08-01 01:18:00,40.7628,-73.9715,B02617
896,2014-08-01 01:18:00,40.7373,-73.9551,B02617
897,2014-08-01 01:18:00,40.7567,-73.9875,B02617
898,2014-08-01 01:18:00,40.7421,-74.043,B02682
899,2014-08-01 01:18:00,40.6785,-73.9588,B02682
900,2014-08-01 01:18:00,40.7368,-73.9553,B02682
901,2014-08-01 01:19:00,40.7399,-74.0024,B02512
902,2014-08-01 01:19:00,40.7551,-73.993,B02617
903,2014-08-01 01:19:00,40.7483,-73.9849,B02682
904,2014-08-01 01:19:00,40.7271,-73.9888,B02682
905,2014-08-01 01:19:00,40.7212,-73.9877,B02764
906,2014-08-01 01:20:00,40.8298,-73.9464,B02617
907,2014-08-01 01:20:00,40.7512,-73.9941,B02617
908,2014-08-01 01:20:00,40.6729,-73.9644,B02617
909,2014-08-01 01:20:00,40.7349,-74.0061,B02617
910,2014-08-01 01:20:00,40.7434,-74.0034,B02617
911,2014-08-01 01:20:00,40.8085,-73.9449,B02617
912,2014-08-01 01:20:00,40.7447,-73.9806,B02617
913,2014-08-01 01:21:00,40.6999,-73.9271,B02598
914,2014-08-01 01:21:00,40.754,-73.9981,B02598
915,2014-08-01 01:21:00,40.7613,-73.9867,B02598
916,2014-08-01 01:21:00,40.7809,-73.9563,B02598
917,2014-08-01 01:21:00,40.6956,-74.1781,B02617
918,2014-08-01 01:21:00,40.7511,-73.9904,B02617
919,2014-08-01 01:21:00,40.6447,-73.7819,B02682
920,2014-08-01 01:22:00,40.6545,-74.0017,B02512
921,2014-08-01 01:22:00,40.6879,-74.1812,B02512
922,2014-08-01 01:22:00,40.7502,-73.9949,B02598
923,2014-08-01 01:22:00,40.7301,-73.9896,B02598
924,2014-08-01 01:22:00,40.7397,-74.0063,B02598
925,2014-08-01 01:22:00,40.7402,-74.0058,B02617
926,2014-08-01 01:22:00,40.7128,-73.9568,B02617
927,2014-08-01 01:22:00,40.7421,-73.9859,B02617
928,2014-08-01 01:22:00,40.7418,-73.9832,B02617
929,2014-08-01 01:22:00,40.695,-74.1782,B02617
930,2014-08-01 01:22:00,40.7245,-73.9986,B02617
931,2014-08-01 01:22:00,40.7402,-74.0059,B02682
932,2014-08-01 01:22:00,40.7348,-73.9927,B02682
933,2014-08-01 01:22:00,40.7348,-73.9927,B02682
934,2014-08-01 01:22:00,40.9143,-74.0499,B02682
935,2014-08-01 01:22:00,40.7146,-73.965,B02682
936,2014-08-01 01:23:00,40.7093,-73.8284,B02617
937,2014-08-01 01:23:00,40.7242,-73.9826,B02617
938,2014-08-01 01:23:00,40.7584,-73.9724,B02617
939,2014-08-01 01:23:00,40.695,-73.9527,B02617
940,2014-08-01 01:23:00,40.7791,-73.9522,B02682
941,2014-08-01 01:24:00,40.6141,-73.9773,B02598
942,2014-08-01 01:24:00,40.7072,-74.0018,B02598
943,2014-08-01 01:24:00,40.7258,-74.0084,B02598
944,2014-08-01 01:24:00,40.7181,-73.9936,B02598
945,2014-08-01 01:24:00,40.6786,-73.9507,B02617
946,2014-08-01 01:24:00,40.7153,-73.9902,B02617
947,2014-08-01 01:24:00,40.704,-73.9427,B02617
948,2014-08-01 01:24:00,40.7219,-73.9963,B02617
949,2014-08-01 01:24:00,40.7198,-74.0004,B02617
950,2014-08-01 01:24:00,40.7649,-73.9838,B02617
951,2014-08-01 01:24:00,40.7499,-73.9836,B02617
952,2014-08-01 01:24:00,40.7607,-73.9623,B02682
953,2014-08-01 01:24:00,40.7582,-73.9707,B02682
954,2014-08-01 01:24:00,40.7261,-74.0428,B02682
955,2014-08-01 01:25:00,40.7276,-73.994,B02598
956,2014-08-01 01:25:00,40.7499,-73.9863,B02598
957,2014-08-01 01:25:00,40.7495,-73.9914,B02617
958,2014-08-01 01:25:00,40.7256,-74.0077,B02617
959,2014-08-01 01:25:00,40.7186,-73.9451,B02617
960,2014-08-01 01:25:00,40.6868,-73.9596,B02682
961,2014-08-01 01:25:00,40.7504,-73.9946,B02682
962,2014-08-01 01:25:00,40.734,-74.0005,B02682
963,2014-08-01 01:25:00,40.7715,-73.9825,B02682
964,2014-08-01 01:25:00,40.6679,-73.9874,B02682
965,2014-08-01 01:26:00,40.7177,-73.9577,B02598
966,2014-08-01 01:26:00,40.7079,-74.0075,B02598
967,2014-08-01 01:26:00,40.8188,-73.9402,B02617
968,2014-08-01 01:26:00,40.715,-73.9444,B02617
969,2014-08-01 01:26:00,40.7422,-74.0046,B02682
970,2014-08-01 01:27:00,40.7097,-74.0049,B02598
971,2014-08-01 01:27:00,40.7381,-74.0094,B02598
972,2014-08-01 01:27:00,40.7213,-73.9935,B02617
973,2014-08-01 01:27:00,40.7553,-73.9713,B02617
974,2014-08-01 01:27:00,40.7407,-74.0077,B02617
975,2014-08-01 01:27:00,40.7596,-73.9758,B02617
976,2014-08-01 01:27:00,40.7375,-74.0038,B02617
977,2014-08-01 01:27:00,40.7642,-73.9883,B02617
978,2014-08-01 01:27:00,40.7405,-73.9982,B02617
979,2014-08-01 01:27:00,40.7038,-73.9198,B02617
980,2014-08-01 01:27:00,40.7438,-74.0033,B02682
981,2014-08-01 01:28:00,40.7139,-73.9942,B02598
982,2014-08-01 01:28:00,40.746,-73.9885,B02598
983,2014-08-01 01:28:00,40.714,-73.9898,B02598
984,2014-08-01 01:28:00,40.7298,-73.9808,B02617
985,2014-08-01 01:28:00,40.7578,-73.9752,B02617
986,2014-08-01 01:28:00,40.760999999999996,-73.9119,B02617
987,2014-08-01 01:28:00,40.7632,-73.9923,B02682
988,2014-08-01 01:28:00,40.9717,-73.7473,B02682
989,2014-08-01 01:29:00,40.6949,-73.9531,B02598
990,2014-08-01 01:29:00,40.736999999999995,-73.9848,B02598
991,2014-08-01 01:29:00,40.7474,-74.0287,B02598
992,2014-08-01 01:29:00,40.7807,-73.9497,B02598
993,2014-08-01 01:29:00,40.7584,-73.9784,B02617
994,2014-08-01 01:29:00,40.7425,-74.0042,B02617
995,2014-08-01 01:29:00,40.6914,-73.9605,B02617
996,2014-08-01 01:29:00,40.7579,-73.9886,B02682
997,2014-08-01 01:29:00,40.7626,-73.9718,B02764
998,2014-08-01 01:30:00,40.7151,-74.0077,B02512
999,2014-08-01 01:30:00,40.7296,-73.9864,B02598
